{
    "Camera": {
        "Speed": 120.00000762939453,
        "Position": [
            1026.748291015625,
            2025.3470458984376,
            1459.91064453125
        ]
    },
    "GameObjects": [
        {
            "Name": "dalek",
            "Mesh": "dalek.ply",
            "Visible": true,
            "Use_Physics": true,
            "Wireframe": false,
            "Position": [
                160.8153533935547,
                0.0,
                294.3531494140625
            ],
            "DiffuseRGB_Alpha": [
                0.0,
                0.0,
                1.0,
                1.0
            ],
            "SpecularRGB_Alpha": [
                1.0,
                1.0,
                1.0,
                100000.0
            ],
            "Rotation": [
                0.0,
                89.98021697998047,
                0.0
            ],
            "Scale": [
                0.30000007152557375,
                0.30000007152557375,
                0.30000007152557375
            ]
        },
        {
            "Name": "dalek2",
            "Mesh": "dalek.ply",
            "Visible": true,
            "Use_Physics": true,
            "Wireframe": false,
            "Position": [
                357.01544189453127,
                0.0,
                738.8529663085938
            ],
            "DiffuseRGB_Alpha": [
                0.0,
                0.0,
                1.0,
                1.0
            ],
            "SpecularRGB_Alpha": [
                1.0,
                1.0,
                1.0,
                100000.0
            ],
            "Rotation": [
                0.0,
                89.98021697998047,
                0.0
            ],
            "Scale": [
                0.30000007152557375,
                0.30000007152557375,
                0.30000007152557375
            ]
        },
        {
            "Name": "dalek3",
            "Mesh": "dalek.ply",
            "Visible": true,
            "Use_Physics": true,
            "Wireframe": false,
            "Position": [
                318.3146057128906,
                0.0,
                335.9502868652344
            ],
            "DiffuseRGB_Alpha": [
                0.0,
                1.0,
                0.0,
                1.0
            ],
            "SpecularRGB_Alpha": [
                1.0,
                1.0,
                1.0,
                100000.0
            ],
            "Rotation": [
                0.0,
                89.96573638916016,
                0.0
            ],
            "Scale": [
                0.30000007152557375,
                0.30000007152557375,
                0.30000007152557375
            ]
        },
        {
            "Name": "dalek4",
            "Mesh": "dalek.ply",
            "Visible": true,
            "Use_Physics": true,
            "Wireframe": false,
            "Position": [
                944.5133666992188,
                0.0,
                658.9481811523438
            ],
            "DiffuseRGB_Alpha": [
                1.0,
                1.0,
                0.0,
                1.0
            ],
            "SpecularRGB_Alpha": [
                1.0,
                1.0,
                1.0,
                100000.0
            ],
            "Rotation": [
                0.0,
                -0.034273888915777209,
                0.0
            ],
            "Scale": [
                0.30000007152557375,
                0.30000007152557375,
                0.30000007152557375
            ]
        },
        {
            "Name": "dalek5",
            "Mesh": "dalek.ply",
            "Visible": true,
            "Use_Physics": true,
            "Wireframe": false,
            "Position": [
                1281.113525390625,
                0.0,
                577.650390625
            ],
            "DiffuseRGB_Alpha": [
                0.0,
                1.0,
                1.0,
                1.0
            ],
            "SpecularRGB_Alpha": [
                1.0,
                1.0,
                1.0,
                100000.0
            ],
            "Rotation": [
                0.0,
                89.96043395996094,
                0.0
            ],
            "Scale": [
                0.30000007152557375,
                0.30000007152557375,
                0.30000007152557375
            ]
        },
        {
            "Name": "dalek6",
            "Mesh": "dalek.ply",
            "Visible": true,
            "Use_Physics": true,
            "Wireframe": false,
            "Position": [
                719.7141723632813,
                0.0,
                962.650390625
            ],
            "DiffuseRGB_Alpha": [
                1.0,
                0.0,
                0.0,
                1.0
            ],
            "SpecularRGB_Alpha": [
                1.0,
                1.0,
                1.0,
                100000.0
            ],
            "Rotation": [
                0.0,
                89.96043395996094,
                0.0
            ],
            "Scale": [
                0.30000007152557375,
                0.30000007152557375,
                0.30000007152557375
            ]
        },
        {
            "Name": "dalek7",
            "Mesh": "dalek.ply",
            "Visible": true,
            "Use_Physics": true,
            "Wireframe": false,
            "Position": [
                1441.314697265625,
                0.0,
                1079.549072265625
            ],
            "DiffuseRGB_Alpha": [
                0.0,
                0.0,
                1.0,
                1.0
            ],
            "SpecularRGB_Alpha": [
                1.0,
                1.0,
                1.0,
                100000.0
            ],
            "Rotation": [
                0.0,
                89.96043395996094,
                0.0
            ],
            "Scale": [
                0.30000007152557375,
                0.30000007152557375,
                0.30000007152557375
            ]
        },
        {
            "Name": "plane_floor",
            "Mesh": "plane_floor.ply",
            "Visible": true,
            "Use_Physics": true,
            "Wireframe": false,
            "Position": [
                1000.0,
                -10.0,
                1000.0
            ],
            "DiffuseRGB_Alpha": [
                0.0,
                0.0,
                0.0,
                1.0
            ],
            "SpecularRGB_Alpha": [
                1.0,
                1.0,
                1.0,
                100.0
            ],
            "Rotation": [
                0.0,
                -8.537743951819721e-7,
                0.0
            ],
            "Scale": [
                1000.014892578125,
                1000.014892578125,
                1000.014892578125
            ],
            "Textures": [
                {
                    "Name": "groundTex.bmp",
                    "Strength": 1.0
                }
            ],
            "RigidBody": {
                "Type": "PLANE",
                "Constant": 0.0,
                "Normal": [
                    0.0,
                    1.0,
                    0.0
                ],
                "Mass": 0.0
            }
        },
        {
            "Name": "block",
            "Mesh": "maze_cube.ply",
            "Visible": true,
            "Use_Physics": true,
            "Wireframe": false,
            "Position": [
                1980.0,
                0.0,
                1960.0
            ],
            "DiffuseRGB_Alpha": [
                0.0,
                0.0,
                0.0,
                1.0
            ],
            "SpecularRGB_Alpha": [
                1.0,
                1.0,
                1.0,
                100.0
            ],
            "Rotation": [
                0.0,
                -0.0,
                0.0
            ],