{
    "Camera": {
        "Speed": 120.00000762939453,
        "Position": [
            290.1881103515625,
            677.5808715820313,
            572.2971801757813
        ]
    },
    "GameObjects": [
        {
            "Name": "dalek",
            "Mesh": "dalek.ply",
            "Visible": true,
            "Use_Physics": true,
            "Wireframe": false,
            "Position": [
                160.8153533935547,
                0.0,
                294.3531494140625
            ],
            "DiffuseRGB_Alpha": [
                0.0,
                0.0,
                1.0,
                1.0
            ],
            "SpecularRGB_Alpha": [
                1.0,
                1.0,
                1.0,
                100000.0
            ],
            "Rotation": [
                0.0,
                89.98021697998047,
                0.0
            ],
            "Scale": [
                0.30000007152557375,
                0.30000007152557375,
                0.30000007152557375
            ]
        },
        {
            "Name": "dalek2",
            "Mesh": "dalek.ply",
            "Visible": true,
            "Use_Physics": true,
            "Wireframe": false,
            "Position": [
                200.1153564453125,
                0.0,
                298.85296630859377
            ],
            "DiffuseRGB_Alpha": [
                0.0,
                0.0,
                1.0,
                1.0
            ],
            "SpecularRGB_Alpha": [
                1.0,
                1.0,
                1.0,
                100000.0
            ],
            "Rotation": [
                0.0,
                89.98021697998047,
                0.0
            ],
            "Scale": [
                0.30000007152557375,
                0.30000007152557375,
                0.30000007152557375
            ]
        },
        {
            "Name": "dalek3",
            "Mesh": "dalek.ply",
            "Visible": true,
            "Use_Physics": true,
            "Wireframe": false,
            "Position": [
                279.0149841308594,
                0.0,
                335.9502868652344
            ],
            "DiffuseRGB_Alpha": [
                0.0,
                0.0,
                1.0,
                1.0
            ],
            "SpecularRGB_Alpha": [
                1.0,
                1.0,
                1.0,
                100000.0
            ],
            "Rotation": [
                0.0,
                89.96573638916016,
                0.0
            ],
            "Scale": [
                0.30000007152557375,
                0.30000007152557375,
                0.30000007152557375
            ]
        },
        {
            "Name": "plane_floor",
            "Mesh": "plane_floor.ply",
            "Visible": true,
            "Use_Physics": true,
            "Wireframe": false,
            "Position": [
                490.0,
                -10.0,
                480.0
            ],
            "DiffuseRGB_Alpha": [
                0.0,
                0.0,
                0.0,
                1.0
            ],
            "SpecularRGB_Alpha": [
                1.0,
                1.0,
                1.0,
                100.0
            ],
            "Rotation": [
                0.0,
                -8.537743951819721e-7,
                0.0
            ],
            "Scale": [
                538.0148315429688,
                538.0148315429688,
                538.0148315429688
            ],
            "Textures": [
                {
                    "Name": "groundTex.bmp",
                    "Strength": 1.0
                }
            ],
            "RigidBody": {
                "Type": "PLANE",
                "Constant": 0.0,
                "Normal": [
                    0.0,
                    1.0,
                    0.0
                ],
                "Mass": 0.0
            }
        },
        {
            "Name": "block",
            "Mesh": "maze_cube.ply",
            "Visible": true,
            "Use_Physics": true,
            "Wireframe": false,
            "Position": [
                580.0,
                0.0,
                560.0
            ],
            "DiffuseRGB_Alpha": [
                0.0,
                0.0,
                0.0,
                1.0
            ],
            "SpecularRGB_Alpha": [
                1.0,
                1.0,
                1.0,
                100.0
            ],
            "Rotation": [
                0.0,
                -0.0,
                0.0
            ],
            "Scale": [
                10.0,
                10.0,
                10.0
            ],
            "Textures": [
                {
                    "Name": "brickTex.bmp",
                    "Strength": 1.0
                }
            ]
        }
    ],
    "Lights": [
        {
            "Name": "MainLight",
            "Type": "POINT_LIGHT",
            "Position": [
                -9.0,
                330.0,
                -5.0
            ],
            "Attenuation": [
                0.0,
                0.001569058047607541,
                9.038285120333001e-10,
                -431602080.0
            ],
            "DiffuseRGB_Alpha": [
                1.0,
                1.0,
                1.0,
                1.0
            ],
            "Turned": "ON"
        },
        {
            "Name": "Torch_Light0",
            "Type": "POINT_LIGHT",
            "Position": [
                0.0,
                330.0,
                0.0
            ],
            "Attenuation": [
                0.0,
                0.00009999999747378752,
                0.000014999999621068128,
                -431602080.0
            ],
            "DiffuseRGB_Alpha": [
                0.9279999732971191,
                0.4359999895095825,
                0.1080000028014183,
                1.0
            ],
            "Turned": "OFF"
        },
        {
            "Name": "Torch_Light1",
            "Type": "SPOT_LIGHT",
            "Angles": [
                10.0,
                20.0
            ],
            "Direction": [
                -431602080.0,
                -431602080.0,
                -431602080.0
            ],
            "Position": [
                10.0,
                1725.0,
                480.0
            ],
            "Attenuation": [
                0.0,
                0.000028619990189326928,
                7.610128704982344e-8,
                -431602080.0
            ],
            "DiffuseRGB_Alpha": [
                0.9279999732971191,
                0.4359999895095825,
                0.1080000028014183,
                1.0
            ],
            "Turned": "OFF"
        },
        {
            "Name": "Torch_Light2",
            "Type": "POINT_LIGHT",
            "Position": [
                1155.0,
                -290.0,
                -455.0
            ],
            "Attenuation": [
                0.0,
                0.0006081397295929492,
                0.00001757841164362617,
                -431602080.0
            ],
            "DiffuseRGB_Alpha": [
                0.9279999732971191,
                0.4359999895095825,
                0.1080000028014183,
                1.0
            ],
            "Turned": "ON"
        },
        {
            "Name": "Torch_Light3",
            "Type": "POINT_LIGHT",
            "Position": [
                30.0,
                400.0,
                0.0
            ],
            "Attenuation": [
                0.0,
                0.00009999999747378752,
                0.000014999999621068128,
                -431602080.0
            ],
            "DiffuseRGB_Alpha": [
                0.9279999732971191,
                0.4359999895095825,
                0.1080000028014183,
                1.0
            ],