{
    "Camera": {
        "Speed": 120.00000762939453,
        "Position": [
            -78.67813110351563,
            90.0,
            379.73663330078127
        ]
    },
    "GameObjects": [
        {
            "Name": "dalek",
            "Mesh": "dalek.ply",
            "Visible": true,
            "Use_Physics": true,
            "Wireframe": false,
            "Position": [
                35.115684509277347,
                0.0,
                380.64801025390627
            ],
            "DiffuseRGB_Alpha": [
                0.0,
                0.0,
                1.0,
                1.0
            ],
            "SpecularRGB_Alpha": [
                1.0,
                1.0,
                1.0,
                100000.0
            ],
            "Rotation": [
                0.0,
                -0.0,
                0.0
            ],
            "Scale": [
                0.30000007152557375,
                0.30000007152557375,
                0.30000007152557375
            ]
        },
        {
            "Name": "Character",
            "Mesh": "assets/models/FBX/chan.fbx",
            "Visible": true,
            "Use_Physics": true,
            "Wireframe": false,
            "Position": [
                22.469812393188478,
                -10.0,
                378.67425537109377
            ],
            "DiffuseRGB_Alpha": [
                0.0,
                0.0,
                0.0,
                1.0
            ],
            "SpecularRGB_Alpha": [
                1.0,
                1.0,
                1.0,
                100000.0
            ],
            "Rotation": [
                0.0,
                89.98021697998047,
                0.0
            ],
            "Scale": [
                0.10000000149011612,
                0.10000000149011612,
                0.10000000149011612
            ],
            "Textures": [
                {
                    "Name": "chanTex.bmp",
                    "Strength": 1.0
                }
            ]
        },
        {
            "Name": "plane_floor",
            "Mesh": "plane_floor.ply",
            "Visible": true,
            "Use_Physics": true,
            "Wireframe": false,
            "Position": [
                490.0,
                -10.0,
                480.0
            ],
            "DiffuseRGB_Alpha": [
                0.0,
                0.0,
                0.0,
                1.0
            ],
            "SpecularRGB_Alpha": [
                1.0,
                1.0,
                1.0,
                100.0
            ],
            "Rotation": [
                0.0,
                -8.537743951819721e-7,
                0.0
            ],
            "Scale": [
                538.0148315429688,
                538.0148315429688,
                538.0148315429688
            ],
            "Textures": [
                {
                    "Name": "groundTex.bmp",
                    "Strength": 1.0
                }
            ],
            "RigidBody": {
                "Type": "PLANE",
                "Constant": 0.0,
                "Normal": [
                    0.0,
                    1.0,
                    0.0
                ],
                "Mass": 0.0
            }
        },
        {
            "Name": "plane_tv",
            "Mesh": "tv_screen_new.ply",
            "Visible": false,
            "Use_Physics": true,
            "Wireframe": false,
            "Position": [
                963.199951171875,
                296.30035400390627,
                373.50006103515627
            ],
            "DiffuseRGB_Alpha": [
                0.0,
                0.0,
                0.0,
                1.0
            ],
            "SpecularRGB_Alpha": [
                1.0,
                1.0,
                1.0,
                100.0
            ],
            "Rotation": [
                0.0,
                -89.98021697998047,
                0.0
            ],
            "Scale": [
                7.139995098114014,
                7.139995098114014,
                7.139995098114014
            ],
            "Textures": [
                {
                    "Name": "recticleTex.bmp",
                    "Strength": 1.0
                }
            ]
        },
        {
            "Name": "retroTV",
            "Mesh": "RetroTV.ply",
            "Visible": true,
            "Use_Physics": true,
            "Wireframe": false,
            "Position": [
                1190.0,
                439.39825439453127,
                492.30010986328127
            ],
            "DiffuseRGB_Alpha": [
                0.0,
                0.0,
                0.0,
                1.0
            ],
            "SpecularRGB_Alpha": [
                1.0,
                1.0,
                1.0,
                100.0
            ],
            "Rotation": [
                -180.0,
                -88.32906341552735,
                -180.0
            ],
            "Scale": [
                6.5999956130981449,
                6.5999956130981449,
                6.5999956130981449
            ],
            "Textures": [
                {
                    "Name": "blackWoodTex.bmp",
                    "Strength": 1.0
                }
            ]
        },
        {
            "Name": "block",
            "Mesh": "maze_cube.ply",
            "Visible": true,
            "Use_Physics": true,
            "Wireframe": false,
            "Position": [
                0.0,
                0.0,
                980.0
            ],
            "DiffuseRGB_Alpha": [
                0.0,
                0.0,
                0.0,
                1.0
            ],
            "SpecularRGB_Alpha": [
                1.0,
                1.0,
                1.0,
                100.0
            ],
            "Rotation": [
                0.0,
                -0.0,
                0.0
            ],
            "Scale": [
                10.0,
                10.0,
                10.0
            ],
            "Textures": [
                {
                    "Name": "brickTex.bmp",
                    "Strength": 1.0
                }
            ]
        }
    ],
    "Lights": [
        {
            "Name": "MainLight",
            "Type": "POINT_LIGHT",
            "Position": [
                -9.0,
                330.0,
                -5.0
            ],
            "Attenuation": [
                0.0,
                0.001569058047607541,
                9.038285120333001e-10,
                -431602080.0
            ],
            "DiffuseRGB_Alpha": [
                1.0,
                1.0,
                1.0,
                1.0
            ],
            "Turned": "ON"
        },
        {
            "Name": "Torch_Light0",
            "Type": "POINT_LIGHT",
            "Position": [
                0.0,
                330.0,
                0.0
            ],
            "Attenuation": [
                0.0,
                0.00009999999747378752,
                0.000014999999621068128,
                -431602080.0
            ],
            "DiffuseRGB_Alpha": [
                0.9279999732971191,
                0.4359999895095825,
                0.1080000028014183,
                1.0
            ],
            "Turned": "OFF"
        },
        {
            "Name": "Torch_Light1",
            "Type": "SPOT_LIGHT",
            "Angles": [
                10.0,
                20.0
            ],
            "Direction": [
                -431602080.0,
                -431602080.0,
                -431602080.0
            ],
            "Position": [
                10.0,
                1725.0,
                480.0
            ],
            "Attenuation": [
                0.0,
                0.000028619990189326928,
                7.610128704982344e-8,
                -431602080.0
            ],